"身份证号码:210903198002144360,出生日期:1980-02-14,性别:女,年龄:44,出生地:辽宁省 阜新市 新邱区"
"身份证号码:360881198602186528,出生日期:1986-02-18,性别:女,年龄:38,出生地:江西省 吉安市 井冈山市"
"身份证号码:210283199106308700,出生日期:1991-06-30,性别:女,年龄:33,出生地:辽宁省 大连市 庄河市"
"身份证号码:140827195311075964,出生日期:1953-11-07,性别:女,年龄:70,出生地:山西省 运城市 垣曲县"
"身份证号码:150825201210259614,出生日期:2012-10-25,性别:男,年龄:11,出生地:内蒙古自治区 巴彦淖尔市 乌拉特后旗"
"身份证号码:210311199403133007,出生日期:1994-03-13,性别:女,年龄:30,出生地:辽宁省 鞍山市 千山区"
"身份证号码:621027201501138153,出生日期:2015-01-13,性别:男,年龄:9,出生地:甘肃省 庆阳市 镇原县"
"身份证号码:45080419720810770X,出生日期:1972-08-10,性别:女,年龄:51,出生地:广西壮族自治区 贵港市 覃塘区"
"身份证号码:451223194712095473,出生日期:1947-12-09,性别:男,年龄:76,出生地:广西壮族自治区 河池市 凤山县"
"身份证号码:230128196711284751,出生日期:1967-11-28,性别:男,年龄:56,出生地:黑龙江省 哈尔滨市 通河县"
"身份证号码:640122196507137146,出生日期:1965-07-13,性别:女,年龄:59,出生地:宁夏回族自治区 银川市 贺兰县"
"身份证号码:230602199812072456,出生日期:1998-12-07,性别:男,年龄:25,出生地:黑龙江省 大庆市 萨尔图区"
"身份证号码:320211195807227538,出生日期:1958-07-22,性别:男,年龄:66,出生地:江苏省 无锡市 滨湖区"
"身份证号码:360725199212075783,出生日期:1992-12-07,性别:女,年龄:31,出生地:江西省 赣州市 崇义县"
"身份证号码:150403201406171892,出生日期:2014-06-17,性别:男,年龄:10,出生地:内蒙古自治区 赤峰市 元宝山区"
"身份证号码:331023202105148683,出生日期:2021-05-14,性别:女,年龄:3,出生地:浙江省 台州市 天台县"
"身份证号码:511902202209063765,出生日期:2022-09-06,性别:女,年龄:1,出生地:四川省 巴中市 巴州区"
"身份证号码:230521196512099382,出生日期:1965-12-09,性别:女,年龄:58,出生地:黑龙江省 双鸭山市 集贤县"
"身份证号码:510683199004199315,出生日期:1990-04-19,性别:男,年龄:34,出生地:四川省 德阳市 绵竹市"
"身份证号码:340121202201149735,出生日期:2022-01-14,性别:男,年龄:2,出生地:安徽省 合肥市 长丰县"
"身份证号码:411524196604292650,出生日期:1966-04-29,性别:男,年龄:58,出生地:河南省 信阳市 商城县"
"身份证号码:430426201505215573,出生日期:2015-05-21,性别:男,年龄:9,出生地:湖南省 衡阳市 祁东县"
"身份证号码:37131120041028551X,出生日期:2004-10-28,性别:男,年龄:19,出生地:山东省 临沂市 罗庄区"
"身份证号码:522302198108051811,出生日期:1981-08-05,性别:男,年龄:42,出生地:贵州省 黔西南布依族苗族自治州 兴仁市"
"身份证号码:370634200605056493,出生日期:2006-05-05,性别:男,年龄:18,出生地:山东省 烟台市 长岛县"
"身份证号码:431223200110043531,出生日期:2001-10-04,性别:男,年龄:22,出生地:湖南省 怀化市 辰溪县"
"身份证号码:532531198402198966,出生日期:1984-02-19,性别:女,年龄:40,出生地:云南省 红河哈尼族彝族自治州 绿春县"
"身份证号码:230921196708240271,出生日期:1967-08-24,性别:男,年龄:56,出生地:黑龙江省 七台河市 勃利县"
"身份证号码:350527199907195124,出生日期:1999-07-19,性别:女,年龄:25,出生地:福建省 泉州市 金门县"
"身份证号码:32128320070324919X,出生日期:2007-03-24,性别:男,年龄:17,出生地:江苏省 泰州市 泰兴市"
"身份证号码:530124198711101120,出生日期:1987-11-10,性别:女,年龄:36,出生地:云南省 昆明市 富民县"
"身份证号码:150502200305036776,出生日期:2003-05-03,性别:男,年龄:21,出生地:内蒙古自治区 通辽市 科尔沁区"
"身份证号码:45031219500309059X,出生日期:1950-03-09,性别:男,年龄:74,出生地:广西壮族自治区 桂林市 临桂区"
"身份证号码:430922200612170339,出生日期:2006-12-17,性别:男,年龄:17,出生地:湖南省 益阳市 桃江县"
"身份证号码:451226195608102542,出生日期:1956-08-10,性别:女,年龄:67,出生地:广西壮族自治区 河池市 环江毛南族自治县"
"身份证号码:15082220240321889X,出生日期:2024-03-21,性别:男,年龄:0,出生地:内蒙古自治区 巴彦淖尔市 磴口县"
"身份证号码:340304199704125073,出生日期:1997-04-12,性别:男,年龄:27,出生地:安徽省 蚌埠市 禹会区"
"身份证号码:231083199511084222,出生日期:1995-11-08,性别:女,年龄:28,出生地:黑龙江省 牡丹江市 海林市"
"身份证号码:130728200912029608,出生日期:2009-12-02,性别:女,年龄:14,出生地:河北省 张家口市 怀安县"
"身份证号码:44030720010303684X,出生日期:2001-03-03,性别:女,年龄:23,出生地:广东省 深圳市 龙岗区"
"身份证号码:421281198109232927,出生日期:1981-09-23,性别:女,年龄:42,出生地:湖北省 咸宁市 赤壁市"
"身份证号码:620823197408062527,出生日期:1974-08-06,性别:女,年龄:49,出生地:甘肃省 平凉市 崇信县"
"身份证号码:510824196005131539,出生日期:1960-05-13,性别:男,年龄:64,出生地:四川省 广元市 苍溪县"
"身份证号码:230382198805236281,出生日期:1988-05-23,性别:女,年龄:36,出生地:黑龙江省 鸡西市 密山市"
"身份证号码:371424197912019468,出生日期:1979-12-01,性别:女,年龄:44,出生地:山东省 德州市 临邑县"
"身份证号码:421125196503042034,出生日期:1965-03-04,性别:男,年龄:59,出生地:湖北省 黄冈市 浠水县"
"身份证号码:430412196009011860,出生日期:1960-09-01,性别:女,年龄:63,出生地:湖南省 衡阳市 南岳区"
"身份证号码:140525200807305078,出生日期:2008-07-30,性别:男,年龄:15,出生地:山西省 晋城市 泽州县"
"身份证号码:230624196005206651,出生日期:1960-05-20,性别:男,年龄:64,出生地:黑龙江省 大庆市 杜尔伯特蒙古族自治县"
"身份证号码:360426198504071173,出生日期:1985-04-07,性别:男,年龄:39,出生地:江西省 九江市 德安县"
"身份证号码:62062220151214919X,出生日期:2015-12-14,性别:男,年龄:8,出生地:甘肃省 武威市 古浪县"
"身份证号码:320724200001179816,出生日期:2000-01-17,性别:男,年龄:24,出生地:江苏省 连云港市 灌南县"
"身份证号码:410782197708172854,出生日期:1977-08-17,性别:男,年龄:46,出生地:河南省 新乡市 辉县市"
"身份证号码:360821199610167878,出生日期:1996-10-16,性别:男,年龄:27,出生地:江西省 吉安市 吉安县"
"身份证号码:621125195208168569,出生日期:1952-08-16,性别:女,年龄:71,出生地:甘肃省 定西市 漳县"
"身份证号码:440222199109076298,出生日期:1991-09-07,性别:男,年龄:32,出生地:广东省 韶关市 始兴县"
"身份证号码:14062219920621848X,出生日期:1992-06-21,性别:女,年龄:32,出生地:山西省 朔州市 应县"
"身份证号码:220821201305024351,出生日期:2013-05-02,性别:男,年龄:11,出生地:吉林省 白城市 镇赉县"
"身份证号码:620121202005310808,出生日期:2020-05-31,性别:女,年龄:4,出生地:甘肃省 兰州市 永登县"
"身份证号码:33112419760517566X,出生日期:1976-05-17,性别:女,年龄:48,出生地:浙江省 丽水市 松阳县"
"身份证号码:341723201210258919,出生日期:2012-10-25,性别:男,年龄:11,出生地:安徽省 池州市 青阳县"
"身份证号码:230725195110053690,出生日期:1951-10-05,性别:男,年龄:72,出生地:黑龙江省 伊春市 大箐山县"
"身份证号码:520625196202267694,出生日期:1962-02-26,性别:男,年龄:62,出生地:贵州省 铜仁市 印江土家族苗族自治县"
"身份证号码:330824195308273165,出生日期:1953-08-27,性别:女,年龄:70,出生地:浙江省 衢州市 开化县"
"身份证号码:632521199810030594,出生日期:1998-10-03,性别:男,年龄:25,出生地:青海省 海南藏族自治州 共和县"
"身份证号码:321183199410186534,出生日期:1994-10-18,性别:男,年龄:29,出生地:江苏省 镇江市 句容市"
"身份证号码:653130197006282889,出生日期:1970-06-28,性别:女,年龄:54,出生地:新疆维吾尔自治区 喀什地区 巴楚县"
"身份证号码:140214201806153200,出生日期:2018-06-15,性别:女,年龄:6,出生地:山西省 大同市 云冈区"
"身份证号码:41018320210702057X,出生日期:2021-07-02,性别:男,年龄:3,出生地:河南省 郑州市 新密市"
"身份证号码:330105198806205188,出生日期:1988-06-20,性别:女,年龄:36,出生地:浙江省 杭州市 拱墅区"
"身份证号码:371427202102169109,出生日期:2021-02-16,性别:女,年龄:3,出生地:山东省 德州市 夏津县"
"身份证号码:320114200409179566,出生日期:2004-09-17,性别:女,年龄:19,出生地:江苏省 南京市 雨花台区"
"身份证号码:220105199812053239,出生日期:1998-12-05,性别:男,年龄:25,出生地:吉林省 长春市 二道区"
"身份证号码:610222200807141605,出生日期:2008-07-14,性别:女,年龄:16,出生地:陕西省 铜川市 宜君县"
"身份证号码:610802200601086601,出生日期:2006-01-08,性别:女,年龄:18,出生地:陕西省 榆林市 榆阳区"
"身份证号码:620822199004037918,出生日期:1990-04-03,性别:男,年龄:34,出生地:甘肃省 平凉市 灵台县"
"身份证号码:341622197503031565,出生日期:1975-03-03,性别:女,年龄:49,出生地:安徽省 亳州市 蒙城县"
"身份证号码:230422199402256951,出生日期:1994-02-25,性别:男,年龄:30,出生地:黑龙江省 鹤岗市 绥滨县"
"身份证号码:421122199011158182,出生日期:1990-11-15,性别:女,年龄:33,出生地:湖北省 黄冈市 红安县"
"身份证号码:53252919600807901X,出生日期:1960-08-07,性别:男,年龄:63,出生地:云南省 红河哈尼族彝族自治州 红河县"
"身份证号码:140429197103176330,出生日期:1971-03-17,性别:男,年龄:53,出生地:山西省 长治市 武乡县"
"身份证号码:130302198011038587,出生日期:1980-11-03,性别:女,年龄:43,出生地:河北省 秦皇岛市 海港区"
"身份证号码:653126199307186174,出生日期:1993-07-18,性别:男,年龄:31,出生地:新疆维吾尔自治区 喀什地区 叶城县"
"身份证号码:513423195106135061,出生日期:1951-06-13,性别:女,年龄:73,出生地:四川省 凉山彝族自治州 盐源县"
"身份证号码:420381201004147282,出生日期:2010-04-14,性别:女,年龄:14,出生地:湖北省 十堰市 丹江口市"
"身份证号码:410727194501135644,出生日期:1945-01-13,性别:女,年龄:79,出生地:河南省 新乡市 封丘县"
"身份证号码:610115195401252134,出生日期:1954-01-25,性别:男,年龄:70,出生地:陕西省 西安市 临潼区"
"身份证号码:410702199611248194,出生日期:1996-11-24,性别:男,年龄:27,出生地:河南省 新乡市 红旗区"
"身份证号码:130802201807050831,出生日期:2018-07-05,性别:男,年龄:6,出生地:河北省 承德市 双桥区"
"身份证号码:622925196101034949,出生日期:1961-01-03,性别:女,年龄:63,出生地:甘肃省 临夏回族自治州 和政县"
"身份证号码:620525198704133036,出生日期:1987-04-13,性别:男,年龄:37,出生地:甘肃省 天水市 张家川回族自治县"
"身份证号码:520304199612110038,出生日期:1996-12-11,性别:男,年龄:27,出生地:贵州省 遵义市 播州区"
"身份证号码:222406195209051702,出生日期:1952-09-05,性别:女,年龄:71,出生地:吉林省 延边朝鲜族自治州 和龙市"
"身份证号码:621125201304170536,出生日期:2013-04-17,性别:男,年龄:11,出生地:甘肃省 定西市 漳县"
"身份证号码:130925198904208931,出生日期:1989-04-20,性别:男,年龄:35,出生地:河北省 沧州市 盐山县"
"身份证号码:520324197401274573,出生日期:1974-01-27,性别:男,年龄:50,出生地:贵州省 遵义市 正安县"
"身份证号码:210905199601252053,出生日期:1996-01-25,性别:男,年龄:28,出生地:辽宁省 阜新市 清河门区"
"身份证号码:431025196712104779,出生日期:1967-12-10,性别:男,年龄:56,出生地:湖南省 郴州市 临武县"
"身份证号码:522634195706157214,出生日期:1957-06-15,性别:男,年龄:67,出生地:贵州省 黔东南苗族侗族自治州 雷山县"
